{
    "clientName": "Thunder Client",
    "collectionName": "Task API",
    "collectionId": "b4105e54-d9e3-4de2-9466-0ce21a87205e",
    "dateExported": "2024-08-03T19:10:52.690Z",
    "version": "1.2",
    "folders": [],
    "requests": [
        {
            "_id": "d984dca9-4476-4488-8ee2-97bb4cee4a7a",
            "colId": "b4105e54-d9e3-4de2-9466-0ce21a87205e",
            "containerId": "",
            "name": "Register",
            "url": "http://localhost:4000/api/register",
            "method": "POST",
            "sortNum": 10000,
            "created": "2024-07-31T14:22:13.560Z",
            "modified": "2024-07-31T14:22:13.560Z",
            "headers": [],
            "body": {
                "type": "json",
                "raw": "{\n    \"user\":\"usuario1\",\n    \"email\":\"ususario1email.com\",\n    \"password\":\"PassUsuario\"\n}",
                "form": []
            }
        },
        {
            "_id": "513ce84d-48d7-4603-8e9a-5c93d11caf3b",
            "colId": "b4105e54-d9e3-4de2-9466-0ce21a87205e",
            "containerId": "",
            "name": "Login",
            "url": "http://localhost:4000/api/login",
            "method": "POST",
            "sortNum": 20000,
            "created": "2024-07-31T14:24:01.950Z",
            "modified": "2024-07-31T14:24:01.950Z",
            "headers": [],
            "body": {
                "type": "json",
                "raw": "{\n  \"user\":\"usuario2\",\n  \"password\":\"PassUsuario\"\n}",
                "form": []
            }
        },
        {
            "_id": "5f2d7b51-8ab2-4102-9b35-1b2f8249eed1",
            "colId": "b4105e54-d9e3-4de2-9466-0ce21a87205e",
            "containerId": "",
            "name": "Profile",
            "url": "http://localhost:4000/api/profile",
            "method": "GET",
            "sortNum": 30000,
            "created": "2024-07-31T14:24:22.489Z",
            "modified": "2024-07-31T14:24:52.954Z",
            "headers": []
        },
        {
            "_id": "ed82d01c-3300-4e53-97df-03bdd0e40bbe",
            "colId": "b4105e54-d9e3-4de2-9466-0ce21a87205e",
            "containerId": "",
            "name": "Obtener Todas las Tasks",
            "url": "http://localhost:4000/api/tasks",
            "method": "GET",
            "sortNum": 40000,
            "created": "2024-07-31T14:25:39.495Z",
            "modified": "2024-07-31T14:26:02.565Z",
            "headers": []
        },
        {
            "_id": "05a83e6a-e7cb-4369-aafd-096eefc70df7",
            "colId": "b4105e54-d9e3-4de2-9466-0ce21a87205e",
            "containerId": "",
            "name": "Obtener Task por ID",
            "url": "http://localhost:4000/api/tasks/:id",
            "method": "GET",
            "sortNum": 50000,
            "created": "2024-07-31T14:26:30.744Z",
            "modified": "2024-07-31T14:26:42.632Z",
            "headers": []
        },
        {
            "_id": "a4380b85-49bd-414f-acb3-c9aed4ef2338",
            "colId": "b4105e54-d9e3-4de2-9466-0ce21a87205e",
            "containerId": "",
            "name": "Añadir Task",
            "url": "http://localhost:4000/api/tasks",
            "method": "POST",
            "sortNum": 60000,
            "created": "2024-07-31T14:27:03.002Z",
            "modified": "2024-07-31T14:27:43.333Z",
            "headers": [],
            "body": {
                "type": "json",
                "raw": "{\r\n  \"user\" : \"Jaime\",\r\n  \"title\" : \"Primera Tarea\",\r\n  \"description\":\"Esto es una Tarea\",\r\n  \"done\":false\r\n}",
                "form": []
            }
        },
        {
            "_id": "00cf2dd2-c727-41de-82d8-351b2a914f27",
            "colId": "b4105e54-d9e3-4de2-9466-0ce21a87205e",
            "containerId": "",
            "name": "Modificar/Actualizar Task",
            "url": "http://localhost:4000/api/tasks/:id",
            "method": "PUT",
            "sortNum": 70000,
            "created": "2024-07-31T14:28:20.921Z",
            "modified": "2024-07-31T14:28:33.855Z",
            "headers": []
        },
        {
            "_id": "b39dc43e-927e-4f8c-92a7-d024d2f31472",
            "colId": "b4105e54-d9e3-4de2-9466-0ce21a87205e",
            "containerId": "",
            "name": "Eliminar Task",
            "url": "http://localhost:4000/api/tasks/:id",
            "method": "DELETE",
            "sortNum": 80000,
            "created": "2024-07-31T14:29:00.195Z",
            "modified": "2024-07-31T14:29:09.473Z",
            "headers": []
        },
        {
            "_id": "832e8a8a-aa84-4de0-895d-25539a23f409",
            "colId": "b4105e54-d9e3-4de2-9466-0ce21a87205e",
            "containerId": "",
            "name": "Logout",
            "url": "http://localhost:4000/api/logout",
            "method": "POST",
            "sortNum": 90000,
            "created": "2024-07-31T14:29:37.469Z",
            "modified": "2024-07-31T14:29:48.349Z",
            "headers": []
        }
    ],
    "ref": "bwmwBRZ4Q5Iu6f2qawSCyJGm4k8nIcAscv7qg5rBSCvgMosVx9ASDjB1vf0N9cfdCfJB9aULnm_3z-vdwOD4zA"
}